{"cameraMode":{"drawMode":0,"name":"Shaded","section":"Shading Mode"},"sceneLighting":true,"audioPlay":false,"sceneViewState":{"showFog":false,"showMaterialUpdate":false,"showSkybox":false,"showFlares":false,"showImageEffects":false,"showParticleSystems":false},"in2DMode":false,"pivot":{"x":-105.59342956542969,"y":-23.990455627441408,"z":246.93527221679688},"rotation":{"x":0.06794698536396027,"y":-0.3689109981060028,"z":0.027053704485297204,"w":0.9265915751457214},"size":236.3601837158203,"orthographic":false}